station,town,color,line,latitude,longitude
NS1 EW24,Jurong East,Red,North South,1.3335109,103.742022
NS2,Bukit Batok,Red,North South,1.3490579,103.7496251
NS3,Bukit Gombak,Red,North South,1.3592405,103.7518398
NS4 BP1,Choa Chu Kang,Red,North South,1.3852487,103.7443487
NS5,Yew Tee,Red,North South,1.3973666,103.7474715
NS7,Kranji,Red,North South,1.425249,103.762
NS,Marsiling,Red,North South,1.43251,103.77407
NS9 TE2,Woodlands,Red,North South,1.4369162,103.7864807
NS10,Admiralty,Red,North South,1.4405962,103.8009702
NS11,Sembawang,Red,North South,1.4490229,103.8198723
NS12,Canberra,Red,North South,1.443283,103.829575
NS13,Yishun,Red,North South,1.429387,103.8350907
NS14,Khatib,Red,North South,1.4172783,103.8329928
NS15,Yio Chu Kang,Red,North South,1.3818261,103.8449286
NS16,Ang Mo Kio,Red,North South,1.3695397,103.8498062
NS17 CC15,Bishan,Red,North South,1.3507781,103.8487215
NS18,Braddell,Red,North South,1.340703,103.84668
NS19,Toa Payoh,Red,North South,1.3326718,103.8473498
NS20,Novena,Red,North South,1.3202681,103.8435124
NS21 DT11,Newton,Red,North South,1.3125093,103.8379519
NS22,Orchard,Red,North South,1.3032902,103.832326
NS23,Somerset,Red,North South,1.300584,103.8385369
NS24 NE6 CC1,Dhoby Ghaut,Red,North South,1.2986545,103.8464611
NS25 EW13,City Hall,Red,North South,1.293076,103.8520677
NS26 EW14,Raffles Place,Red,North South,1.2838742,103.8514941
NS27 CE2,Marina Bay,Red,North South,1.2764969,103.8542683
NS28,Marina South Pier,Red,North South,1.2713586,103.863636
EW1,Pasir Ris,Green,East West,1.3731143,103.9493411
EW2 DT32,Tampines,Green,East West,1.3535521,103.9449444
EW3,Simei,Green,East West,1.3431473,103.9534205
EW4 CG,Tanah Merah,Green,East West,1.3272004,103.9463949
EW5,Bedok,Green,East West,1.3237585,103.9302235
EW6,Kembangan,Green,East West,1.3209589,103.9126762
EW7,Eunos,Green,East West,1.3196998,103.902894
EW8 CC9,Paya Lebar,Green,East West,1.3181412,103.8931028
EW9,Aljunied,Green,East West,1.3164261,103.8830977
EW10,Kallang,Green,East West,1.3114865,103.8713507
EW11,Lavender,Green,East West,1.3072636,103.8629202
EW12 DT14,Bugis,Green,East West,1.2993154,103.8551853
EW13 NS25,City Hall,Green,East West,1.2931159,103.8520125
EW14 NS26,Raffles Place,Green,East West,1.2830173,103.8513365
EW15,Tanjong Pagar,Green,East West,1.2767709,103.8451658
EW16 NE3,Outram Park,Green,East West,1.2814265,103.8391803
EW17,Tiong Bahru,Green,East West,1.2863612,103.8271482
EW18,Redhill,Green,East West,1.2896386,103.8167739
EW19,Queenstown,Green,East West,1.2948251,103.8058239
EW20,Commonwealth,Green,East West,1.3024362,103.798297
EW21 CC22,Buona Vista,Green,East West,1.3073105,103.7898406
EW22,Dover,Green,East West,1.3114722,103.7784322
EW23,Clementi,Green,East West,1.3154961,103.7650556
EW24 NS1,Jurong East,Green,East West,1.3331441,103.7423401
EW25,Chinese Garden,Green,East West,1.3424178,103.7326919
EW26,Lakeside,Green,East West,1.3442645,103.7207838
EW27,Boon Lay,Green,East West,1.3380512,103.7049575
EW28,Pioneer,Green,East West,1.3375915,103.6973658
EW29,Joo Koon,Green,East West,1.3277353,103.6783209
EW30,Gul Circle,Green,East West,1.3188497,103.6603681
EW31,Tuas Crescent,Green,East West,1.3206334,103.6490947
EW32,Tuas West Road,Green,East West,1.3300928,103.6393776
EW33,Tuas Link,Green,East West,1.3397689,103.6366883
CG1 DT35,Expo,Green,Changi Airport Branch,1.3344763,103.9615116
CG2,Changi Airport,Green,Changi Airport Branch,1.3569833,103.9882267
NE1 CC29,HarbourFront,Purple,North East,1.2655352,103.8212226
NE3 EW16,Outram Park,Purple,North East,1.2796817,103.8394172
NE4 DT19,Chinatown,Purple,North East,1.2850034,103.8442008
NE5,Clarke Quay,Purple,North East,1.2881606,103.8466985
NE6 NS24 CC1,Dhoby Ghaut,Purple,North East,1.2994828,103.8453403
NE7 DT12,Little India,Purple,North East,1.3068697,103.849474
NE8,Farrer Park,Purple,North East,1.3126702,103.8547077
NE9,Boon Keng,Purple,North East,1.3200018,103.8616397
NE10,Potong Pasir,Purple,North East,1.3312317,103.8687722
NE11,Woodleigh,Purple,North East,1.3389621,103.8704735
NE12 CC13,Serangoon,Purple,North East,1.3498909,103.8734649
NE13,Kovan,Purple,North East,1.359923,103.885144
NE14,Hougang,Purple,North East,1.3716089,103.8929679
NE15,Buangkok,Purple,North East,1.3828909,103.8932653
NE16 STC,Sengkang,Purple,North East,1.3868121,103.8914433
NE17 PTC,Punggol,Purple,North East,1.3984457,103.9072046
CC1 NS24 NE6,Dhoby Ghaut,Orange,Circle,1.2988757,103.8467998
CC2,Bras Basah,Orange,Circle,1.2975357,103.8504432
CC3,Esplanade,Orange,Circle,1.2936027,103.8552298
CC4 DT15,Promenade,Orange,Circle,1.2923469,103.8609727
CC5,Nicoll Highway,Orange,Circle,1.2998096,103.8635107
CC6,Stadium,Orange,Circle,1.302812,103.875334
CC7,Mountbatten,Orange,Circle,1.3061186,103.883187
CC8,Dakota,Orange,Circle,1.3083469,103.8888464
CC9 EW8,Paya Lebar,Orange,Circle,1.3168487,103.8922072
CC10 DT26,MacPherson,Orange,Circle,1.3255104,103.8902484
CC11,Tai Seng,Orange,Circle,1.33592,103.88776
CC12,Bartley,Orange,Circle,1.3422737,103.8803924
CC13 NE12,Serangoon,Orange,Circle,1.3553567,103.8678708
CC14,Lorong Chuan,Orange,Circle,1.3516681,103.8639337
CC15 NS17,Bishan,Orange,Circle,1.3507781,103.8487215
CC16,Marymount,Orange,Circle,1.3489654,103.8390678
CC17,Caldecott,Orange,Circle,1.3378174,103.8394749
CC19 DT9,Botanic Gardens,Orange,Circle,1.352083,103.819836
CC20,Farrer Road,Orange,Circle,1.3174314,103.8077866
CC21,Holland Village,Orange,Circle,1.3111723,103.7961154
CC22 EW21,Buona Vista,Orange,Circle,1.3072117,103.7905994
CC23,one-north,Orange,Circle,1.2990241,103.7871033
CC24,Kent Ridge,Orange,Circle,1.2933881,103.7842699
CC25,Haw Par Villa,Orange,Circle,1.2830833,103.7819406
CC26,Pasir Panjang,Orange,Circle,1.2760602,103.7918989
CC27,Labrador Park,Orange,Circle,1.272255,103.803149
CC28,Telok Blangah,Orange,Circle,1.2707786,103.8098705
CC29 NE1,HarbourFront,Orange,Circle,1.2650372,103.8215381
CE1 DT16,Bayfront,Orange,Circle Extension,1.2813332,103.8589238
CE2 NS27,Marina Bay,Orange,Circle Extension,1.2761764,103.8551019
DT1 BP6,Bukit Panjang,Blue,Downtown,1.3790912,103.7617432
DT2,Cashew,Blue,Downtown,1.3699296,103.7645535
DT3,Hillview,Blue,Downtown,1.3623643,103.7673821
DT5,Beauty World,Blue,Downtown,1.3408774,103.7758127
DT6,King Albert Park,Blue,Downtown,1.3357361,103.7830238
DT7,Sixth Avenue,Blue,Downtown,1.3308446,103.7975831
DT8,Tan Kah Kee,Blue,Downtown,1.3263284,103.8079456
DT9 CC19,Botanic Gardens,Blue,Downtown,1.3223846,103.8150036
DT10,Stevens,Blue,Downtown,1.3199153,103.8263184
DT11 NS21,Newton,Blue,Downtown,1.3135367,103.8380383
DT12 NE7,Little India,Blue,Downtown,1.3065597,103.851819
DT13,Rochor,Blue,Downtown,1.3035563,103.8525538
DT14 EW12,Bugis,Blue,Downtown,1.3011677,103.8556829
DT15 CC4,Promenade,Blue,Downtown,1.2940337,103.860359
DT16 CE1,Bayfront,Blue,Downtown,1.2813386,103.8589551
DT17,Downtown,Blue,Downtown,1.2792813,103.8527634
DT18,Telok Ayer,Blue,Downtown,1.2817668,103.8489192
DT19 NE4,Chinatown,Blue,Downtown,1.2850731,103.8437719
DT20,Fort Canning,Blue,Downtown,1.292833,103.8445026
DT21,Bencoolen,Blue,Downtown,1.2982514,103.8496691
DT22,Jalan Besar,Blue,Downtown,1.3048017,103.8553366
DT23,Bendemeer,Blue,Downtown,1.3138048,103.8628965
DT24,Geylang Bahru,Blue,Downtown,1.3214581,103.8716167
DT25,Mattar,Blue,Downtown,1.3269485,103.8833315
DT26 CC10,MacPherson,Blue,Downtown,1.3262687,103.8891872
DT27,Ubi,Blue,Downtown,1.3301971,103.8995796
DT28,Kaki Bukit,Blue,Downtown,1.33529,103.9091087
DT29,Bedok North,Blue,Downtown,1.335224,103.9180383
DT30,Bedok Reservoir,Blue,Downtown,1.3363854,103.9329353
DT31,Tampines West,Blue,Downtown,1.3456405,103.9382836
DT32 EW2,Tampines,Blue,Downtown,1.3544991,103.9427581
DT33,Tampines East,Blue,Downtown,1.3562119,103.9546959
DT34,Upper Changi,Blue,Downtown,1.3411645,103.9613259
DT35 CG1,Expo,Blue,Downtown,1.3346774,103.9618301
TE1 RTS,Woodlands North,Brown,Thomson–East Coast,1.44787,103.7854168
TE2 NS9,Woodlands,Brown,Thomson–East Coast,1.43712,103.7874502
TE3,Woodlands South,Brown,Thomson–East Coast,1.4273491,103.7931133
TE4,Springleaf,Brown,Thomson–East Coast,1.3973981,103.8184896
TE5,Lentor,Brown,Thomson–East Coast,1.3844157,103.8368101
TE6,Mayflower,Brown,Thomson–East Coast,1.3726456,103.837026
TE7,Bright Hill,Brown,Thomson–East Coast,1.3631731,103.8331791
TE8,Upper Thomson,Brown,Thomson–East Coast,1.3539717,103.8338127
TE9 CC17,Caldecott,Brown,Thomson–East Coast,1.3365475,103.8397814
TE11 DT10,Stevens,Brown,Thomson–East Coast,1.3188636,103.8256996
TE12,Napier,Brown,Thomson–East Coast,1.305958,103.8196466
TE13,Orchard Boulevard,Brown,Thomson–East Coast,1.302516,103.8238464
TE14 NS22,Orchard,Brown,Thomson–East Coast,1.3031301,103.8313036
TE15,Great World,Brown,Thomson–East Coast,1.294227,103.8334932
TE16,Havelock,Brown,Thomson–East Coast,1.2887883,103.8333405
TE17 EW16 NE3,Outram Park,Brown,Thomson–East Coast,1.2817938,103.8391729
TE18,Maxwell,Brown,Thomson–East Coast,1.2806891,103.8440869
TE19,Shenton Way,Brown,Thomson–East Coast,1.2776948,103.8506814
TE20 NS27 CE2,Marina Bay,Brown,Thomson–East Coast,1.2752319,103.8544814
TE22,Gardens by the Bay,Brown,Thomson–East Coast,1.2796751,103.8679765
TE23,Tanjong Rhu,Brown,Thomson–East Coast,1.2971348,103.8735378
TE24,Katong Park,Brown,Thomson–East Coast,1.2974251,103.8869509
TE25,Tanjong Katong,Brown,Thomson–East Coast,1.2992632,103.8973414
TE26,Marine Parade,Brown,Thomson–East Coast,1.3034955,103.9061311
TE27,Marine Terrace,Brown,Thomson–East Coast,1.3066319,103.9147985
TE28,Siglap,Brown,Thomson–East Coast,1.3098428,103.9296403
TE29,Bayshore,Brown,Thomson–East Coast,1.3132432,103.9423248
